{
  "Get Single User" : {
    "transaction" : "Get Single User",
    "sampleCount" : 100,
    "errorCount" : 0,
    "errorPct" : 0.0,
    "meanResTime" : 268.24,
    "medianResTime" : 236.5,
    "minResTime" : 168.0,
    "maxResTime" : 584.0,
    "pct1ResTime" : 392.20000000000005,
    "pct2ResTime" : 482.34999999999985,
    "pct3ResTime" : 583.98,
    "throughput" : 9.858044164037855,
    "receivedKBytesPerSec" : 19.045279229100945,
    "sentKBytesPerSec" : 2.348987085962145
  },
  "POST method Create User" : {
    "transaction" : "POST method Create User",
    "sampleCount" : 100,
    "errorCount" : 0,
    "errorPct" : 0.0,
    "meanResTime" : 454.3700000000001,
    "medianResTime" : 445.0,
    "minResTime" : 399.0,
    "maxResTime" : 609.0,
    "pct1ResTime" : 525.6000000000001,
    "pct2ResTime" : 561.75,
    "pct3ResTime" : 608.8799999999999,
    "throughput" : 9.665571235260003,
    "receivedKBytesPerSec" : 8.22895019814421,
    "sentKBytesPerSec" : 2.293685361492364
  },
  "Total" : {
    "transaction" : "Total",
    "sampleCount" : 400,
    "errorCount" : 0,
    "errorPct" : 0.0,
    "meanResTime" : 247.54250000000002,
    "medianResTime" : 204.0,
    "minResTime" : 57.0,
    "maxResTime" : 609.0,
    "pct1ResTime" : 459.90000000000003,
    "pct2ResTime" : 492.95,
    "pct3ResTime" : 581.9300000000001,
    "throughput" : 37.79646603042615,
    "receivedKBytesPerSec" : 44.55516807615988,
    "sentKBytesPerSec" : 6.745414225644902
  },
  "Get Single User-0" : {
    "transaction" : "Get Single User-0",
    "sampleCount" : 100,
    "errorCount" : 0,
    "errorPct" : 0.0,
    "meanResTime" : 106.74000000000002,
    "medianResTime" : 85.0,
    "minResTime" : 57.0,
    "maxResTime" : 348.0,
    "pct1ResTime" : 190.0,
    "pct2ResTime" : 260.5999999999999,
    "pct3ResTime" : 347.7899999999999,
    "throughput" : 9.991008092716555,
    "receivedKBytesPerSec" : 7.6915151363772605,
    "sentKBytesPerSec" : 1.1903349485463084
  },
  "Get Single User-1" : {
    "transaction" : "Get Single User-1",
    "sampleCount" : 100,
    "errorCount" : 0,
    "errorPct" : 0.0,
    "meanResTime" : 160.81999999999994,
    "medianResTime" : 136.5,
    "minResTime" : 101.0,
    "maxResTime" : 493.0,
    "pct1ResTime" : 248.20000000000005,
    "pct2ResTime" : 289.69999999999993,
    "pct3ResTime" : 492.3399999999997,
    "throughput" : 9.943323058566174,
    "receivedKBytesPerSec" : 11.555228945013424,
    "sentKBytesPerSec" : 1.1846537237744854
  }
}